Reference,Synthesized,MCD
gt_1,fs21,10.865203857421875
gt_1,glow1,6.639133453369141
gt_1,align1,6.440521240234375
gt_1,vits1,10.752015113830566
