Reference,Synthesized,MCD
gt_2,fs22,5.801046371459961
gt_2,glow2,9.48839282989502
gt_2,align2,9.382364273071289
gt_2,vits2,4.280956745147705
